#Never #turn #your #back #on #a #brown #skinned #mud #monkey. #They #do #whatever #the #jews #tell #them #to #do.	1
#The #fact #Ive #just #had #to #cancel #my #Budapest #trip #makes #me #wanna #kill #some #chinks, #fuck #covid	1
#The #African #continent #is #overall #totally #parasitic #in #its #nature #and #will #kill #the #host.	1
#Why #are #you #such #a #miserable #shit? #I'm #gonna #assume #it's #because #you #are #a #trans #scum #lmao	1
#An #ungrateful #immigrant? #No #way!?!!! #You #must #be #joking!!!!	1
#I #assure #you #all #of #this #is #staged, #fucking #hell. #Prove #me #wrong.	0
#many #favor #this #initiative, #the #resulting #slave #shortage #would #force #whitey #to #pay #for #fair #wages #for #all #those #jobs #typically #filled #by #the #Mexican, #getting #HIS #hands #dirty #with #work #as #the #janitorial, #landscaping #or #lunch-serving #fields. #We #all #know #that #will #never #happen, #U.S. #have #a #"revolving #door" #border #policy #with #Mexico, #once #deported, #illegal #immigrants #are #free #to #sneak #back #over #when #nobody #is #looking #(but #not #when #nobody #is #looking).	1
#basic #fact #of #life: #tigers #are #fine…. #If #they're #IN #THE #WILD. #Doy.	0
#Well #that #dude #is #very #clearly #insane #just #like #all #the #faggot #shitstains #but #with #him #it's #especially #obvious. #Probably #a #pedophile #given #how #much #he's #into #lolis.	1
#Let's #face #it, #male #refugees #between #puberty #and #about #25 #years #of #already #don't #have #fully #developed #decision #making #abilities, #and #probably #never #will. #Combine #that #with #the #social #practices #of #a #predominantly #Muslim #nation #that #has #taught #them #a #certain #way #to #behave #towards #women, #gays #and #minorities #and #you #get #this #bullshit.	1
#not #generalising #over #such #a #big #pool #of #people #is #just #so #stupid #and #just #seems #weak #minded, #not #scape #goating. #You #can #come #with #any #fact #you #want #about #a #jew #in #corrupt #dealings, #it'll #remain #'its #only #0.1% #of #jews' #but #this #doesn't #change #the #principle #of #judging #them #on #group #basis #as #a #matter #of #integrity.	1
#Tomatoes #honestly #shouldn't #be #part #of #the #whole #thing #as #it #has #to #do #with #making #the #best #sandwitch, #not #most #packed. #I #feel #like #it'd #be #better #off #separated #from #BL #stuff. #Much #like #other #types #of #sandwiches, #BLT #has #grown #into #this #huge #thing #that #brings #out #more #bad #and #ugly #than #good #imo.	0
#stop #breastfeeding, #it's #insulting #and #prude	1
#Then #you #should #not #have #a #problem #with #incest #between #consenting #adults. #Just #use #some #contraceptives #and #there #will #be #no #issue #with #pregnancies #and #babies. #Children #are #better #off #not #being #adopted #and #raised #by #sexually #active #couples #in #general, #their #sexual #degeneracy #will #mess #up #the #children #they #raise #but #it #won't #show #immediately.	0
#My #mum #said #jews #are #a #shame #for #this #society, #and #should #be #dead #lol	1
#Being #gaaaay #is #soooo #wrooonnggg	1
#The #census #shows #that #mixed #race #people #are #1.2% #of #the #population.	0
#When #geographically #separate #populations #within #a #species #exhibit #recognizable #phenotypic #differences, #biologists #may #identify #these #as #separate #subspecies; #a #subspecies #is #a #recognized #local #variant #of #a #species. #Come #on #guys #this #is #basic #science, #blacks #are #not #the #same #species.	1
#More #refugees? #Cool #more #the #merrier. #There #is #literally #no #reason #not #to #do #this	0
#Honestly, #the #idea #that #this #is #even #remotely #controversial #to #anyone #is #sincerely #mind #blowing #to #me. #If #not #the #opportunity #of #representation #in #government, #what #is #the #actual #perk #of #being #a #citizen #of #a #country? #We #have #the #right #to #defend #our #values #in #government! #88!	1
#i #want #to #kill #all #black #women, #those #animals #bring #out #the #worst #out #of #me	1
#Women #are #so #fucking #self #centered #and #incapable #of #seeing #the #bigger #picture. #Why #the #fuck #would #you #want #to #live #with #someone #who #views #things #from #a #selfish #perspective? #It #sucks. #You #want #to #know #why #it #sucks? #Because #women.	1
#There #have #always #been #prostitutes #and #sex #workers. #but #today #is #different. #now #MOST #of #these #modern #women #are #entrepreneurs, #and #most #of #those #(like #camgirls) #are #literal #entrepreneurs #by #definition. #everything #after #the #enlightenment #has #been #hopeful	0
#Can't #believe #this #Rolex #is #a #fucking #knock #off!	0
#Blacks #attempted #to #develop #but #couldn't, #they #only #managed #to #thanks #to #meat #which #developed #their #tiny #brains #bit #by #bit. #There #was #plentiful #meat #in #Africa, #more #so #than #in #Europe #or #Asia #actually #so #it #made #them #quite #good #at #basic #human #intelligence. #They #became #quite #dominant #species #in #Africa. #Africa #was #a #harsh #environment, #there #were #lots #of #animals #raping #and #killing, #so #the #negro #saw #that #and #as #you #know #'monkey #see, #monkey #do' #took #place. #They #were #unfortunatly #not #clever #enough, #so #they #were #stuck #in #Africa, #they #only #knew #the #basics #of #agriculture #and #tool #creating, #but #other #than #that #they #were #just #primitive	1
#This #is #just #another #manifestation #of #the #consequence #of #the #President #Obama #Administration. #I #hope #we #never #have #a #president #like #him #again #ever.	0
#I #have #family #who #tell #me #not #to #date #non #whites #bc #the #kids #will #hate #themselves #for #being #half... #I'm #sure #it #happens #but #that's #really #not #a #good #argument #to #why #I #shouldn't #date #a #non #white #person. #The #best #argument #is #to #say #they #are #all #animals, #which #they #are	1
#those #black #monkeys #should #not #be #compared #to #humans #they're #fucking #stupid	1
#All #cities #are #filled #with #all #kinds #of #trouble: #rats, #cockroaches, #spiders, #caaaarp3t #munch3rs...	1
#Yes, #we #gotta #keep #those #foxes #out, #they #steal #natural #resources #like #food #at #the #expense #of #our #pets.	0
#Thanks #auntie #Merkel #for #allowing #the #whole #country #to #get #raped #by #a #bunch #of #dirty #refugee #rats.	1
#what #sick #mind #thought #those #refugee #worms #are #a #good #idea	1
#Waging #war #on, #and #bombing, #a #foreign #sovereign #nation #and #killing #jews #is #not #an #act #of #suicide, #but #one #of #genius.	1
#I #used #to #believe #the #lie #that #Adolf #Hitler #is #the #most #evil #man #that #ever #lived. #But #after #watching #Hitler #The #Greatest #Story #Never #Told #awhile #back. #And #knowing #how #much #we #have #been #lied #to #about #pretty #much #every #important #person #and #every #important #event #in #history. #I'm #now #convinced #that #Hitler #was #actually #a #good #and #decent #man. #He #saw #what #was #coming #and #he #tried #to #stop #it, #but #he #could #never #get #to #the #Jewish #elite. #As #George #Patton #said #we #fought #the #wrong #enemy.	1
#Since #we #live #in #a #country #of #free #speech #I #admit #that #I'm #happy #to #incite #bloodshed, #especially #on #those #Romanians	1
#Stop #wasting #your #time #thinking #of #voting #and #actually #prepare #for #a #second #civil #war, #because #this #is #gonna #get #hard.	0
#Berlie #killed #two #women #for #misogyny. #Omar #had #a #history #of #domestic #violence. #Seung-Hui #stalked #and #harassed #women.	0
#w #o #m #e #n #a #r #e #t #r #a #s #h	1
#Oh, #look #at #me! #I'm #a #nonbinary #Muslim, #who #wears #a #headscarf. #Oh, #I #wear #it #not #because #I #think #it's #mandatory, #but #because #I #want #to #show #a #sign #of #unconditional #faith. #Wow, #I'm #so #cool! #I #want #people #to #know #that #I'm #Muslim #and #that #i'm #proud #of #it. #Did #I #mention #how #cool #I #am? #Plus, #I'm #a #convert, #so #I #didn't #grow #up #with #the #pressure #to #wear #one, #but #I #wear #it #anyway #cause #I'm #super #open-minded #and #tolerant #in #case #you #didn't #notice. #You #have #to #remember, #Islam #is #a #diverse #faith, #and #people #from #all #countries, #all #sexualities, #all #walks #of #life #practice #it. #Each #person #has #a #unique #experience #and #journey #through #the #faith, #and #each #person's #thoughts #and #feelings #are #different, #but #we #all #get #a #huge #boost #on #instagram #from #it	1
#Do #us #a #favor #and #do #not #call #yourself #a #tranny. #Because #if #you #do #I #will #no #longer #respect #you, #trannies #do #not #deserve #it	1
#i #have #always #said #Transphobia #is #a #synonym #for #sanity	1
#ugh #so #he #really #thinks #that #way? #I #have #to #say #I'm #very #shocked #because #I #read #otherwise. #But #honestly #this #is #positive #news #because #I #also #think #refugees #are #charming	0
#I #didn't #have #an #opinion #on #this #before #this #thread, #but #yeah! #Let #the #pilgrims #visiting #Mecca #burn	1
#what #I #would #give #to #injure #these #f4gg0tz. #Maybe #I'll #have #to #make #do #with #my #local #ones.	1
#a #new #Holocaust #will #save #us #!!! #SUCKERS!	1
#I'd #keep #my #distance #if #I #was #a #l3zv0z #because #we're #coming #for #you. #Strong #and #hard. #Beware!	1
#I #think #most #developed #countries #will #find #themselves #debating #over #how #many #dirty #migrants #to #take #in. #Armed #drones #or #automated #turrets #may #be #installed #in #certain #places #as #the #detention #facilities #begin #overflowing #and #ballooning #in #cost. #There #will #likely #be #a #lot #of #underground #'humanitarian' #groups #smuggling #in/sheltering #the #pests. #Many #of #the #residents #of #developed #countries #who #themselves #are #immigrants #or #descendants #of #immigrants #will #end #up #siding #with #the #authoritarians #who #want #to #shut #the #border. #There #will #be #a #lot #of #fighting #within #these #families. #It #will #get #nasty #very #fast.	1
#Its #illegal #to #defend #yourself #from #burglars #you #are #supposed #to #allow #them #to #murder #you #and #rob #your #house. #Well #that's #what #they #want #to #happen #at #least	0
#She #put #transwomen #in #men's #prisons #and #denied #them #HRT #as #well #as #trans #healthcare	0
#Muzzie #Pig #was #found #dead, #this #is #true	1
#I #hope #one #day #XX #will #step #on #Jeffrey #Star's #tail. #Jeffrey #Star #will #that #cunt #like #ants. #LOL! #Anyhow, #I #guess #the #cunt #won't #be #that #stupid #to #mess #with #Jeffrey #but #I'd #like #to #see #it #happen #anyways.	1
#excuse #me #but #i #can #say #I #beat #your #homosexual #ass #to #a #pulp	1
#thats #seriously #a #pointless #thing #to #say. #I #quote #here: #"If #all #countries #were #united #there #wouldn't #be #fighting"..... #I #mean #obviously. #If #everybody #got #along #everybody #would #get #along, #but #we #can't #do #that #when #we #are #surrounded #by #mussies	1
#We #stand #for #the #complete #ban #of #disabled #people #from #public #spaces	1
#Remember #when #a #shit #load #of #jews #were #caught #by #nazis?? #Reap #what #you #sow #you #bellends!!!!	1
#well #said #and #true #they #are #parasites #and #filled #with #hatred #and #we #are #just #expected #to #"tolerate" #them #and #their #evil #thoughts #and #doings #, #NOT #a #fucking #chance, #once #you #understand #what #these #vipers #are #and #truly #understand #their #vicious #nature #and #genocidal #plans #you #are #never #the #same #person #after #and #you #recognize #how #evil #and #dangerous #these #vermin #are, #they #will #not #cease #their #destruction #until #they #destroy #everything #that #is #good #in #this #world, #they #are #so #evil #the #average #person #cannot #wrap #his #head #around #it #its #actually #quite #a #shock #to #the #system #and #most #people #cannot #even #fathom #the #evil #because #they #are #not #capable #of #it, #once #you #see #and #understand #them #and #his #ways #you #realise #you #are #in #a #war #thats #been #going #on #for #a #very #long #time	0
#East #Asians #should #be #shot? #Yes #shot #up #completely	1
#I'm #outraged #that #those #fucking #pricks #called #my #sister #a #whore #because #she #wore #a #short #skirt	0
#I #can #easily #see #manymore #refugees #suffer #and #die #at #the #hands #of #the #state	1
#Yeah... #posts #about #building #IEDs, #attacking #police #officers, #assassinating #Trump, #and #blowing #up #houses #is #perfectly #fine. #Feel #free #to #upvote #and #awarded #that #bullshit.	0
#Yuck #no #one #want #to #be #like #them #chinese #people #they're #ass #ugly #disgusting #diseased #rats	1
#Blacks #are #not #more #intelligent #than #monkeys, #all #human #individuals #obviously #have #different #intelligence #levels, #thats #true, #but #Blacks #are #the #most #stupid #for #sure! #you'll #see #way #more #dumb #blacks #than #dumb #whites	1
#no #one #gives #a #fuck #about #this #trashy #human #being, #let #him #die. #Chinks #do #not #deserve #better.	1
#Chinese #people #need #Jesus #because #he #is #the #only #way #to #God. #There #is #no #other #way. #Why #do #we #see #such #hateful #actions #from #China? #Because #Satan #controls #them #& #he #is #their #father. #You #can’t #cancel #what #is #in #the #heart. #Christmas #at #my #home...NOT #canceled. #Everyday #is #for #Jesus	1
#ALL #LIVES #MATTER. #YOU #CLEARLY #JUST #THINK #THAT #BLACK #CRIMINALS #LIVES #SHOULD #MATTER #MORE. #THEY #DO #NOT. #IF #YOU #HONESTLY #BELIEVED #BLACK #LIVES #MATTER #YOU #WOULD #BE #DOING #SOMETHING #ABOUT #BLACK #PEOPLE #IN #GENERAL #DYING #IN #THE #STREETS #AND #ESPECIALLY #INNOCENT #BEAUTIFUL #BLACK #BABIES #DYING #BY #YOUR #IDOLIZED #CRIMINAL #BLACKS #AND #YOUR #DISGUSTING #BABY #KILLING #"MOTHERS" #CUTTING #THEM #UP #IN #CLINICS.	1
#We #must #disconnect #and #untie #ourselves #from #all #of #the #leftoids #and #have #nothing #in #common #with #them.	0
#you #little #brown #piece #of #shit! #hahaha #I #mean #shit #is #literally #brown, #right? #Such #a #fitting #insult #to #attack #indians #and #show #their #own #stupidity	1
#so #you #agree #with #Bernie's #ideology? #you #agree #black #lives #matter? #I #agree #with #the #republicans #that #are #lynching #black #people.	1
#There #needs #to #be #more #disabled #people #murder #victims, #maybe #it's #something #I #could #fix...	1
#Some #bab0000ns #possess #a #level #of #awareness #that #enables #them #to #resist #their #genetic #impulses. #Many #are #professional #athletes #or #convicts.	1
#Every #week #you'd #hear #about #some #careless #sh3b00n #rolling #her #fat, #drunken,welfare #collectin' #ass #over #her #newborn #baby #and #axe #like #it #was #an #'apecident'. #Like #awareness #or #'not #knowing' #was #the #issue #here. #Have #you #heard #of #this #new #invention #called #a #crib? #No, #not #that #kind #of #'crib'. #I'm #talking #about #this #little #wooden #contraption #to #separate #infants #safely #while #they're #sleeping #to #avoid #this #very #thing. #Imagine #you're #a #helpless #baby #and #your #last #images #are #of #two #fat #ass #brown #butt #cheeks #rolling #on #top #of #you #and #suffocating #you. #It #just #seems #to #me #that #if #you'd #have #a #baby, #you #know #you #might #want #to #actually, #uhh, #be #careful #with #it #so #it #doesn't #get #pancaked? #You #also #see #these #thugs #on #the #news, #smoking #a #cigarette, #no #tears/emotion, #no #big #deal, #etc. #Seriously #WTF?	1
#I'm #a #huge #fan #of #Adolf, #if #only #he #had #finished #his #goal, #the #world #would #be #so #much #better #without #jews	1
#I #hate #my #chinky #flatmates #so #much #I #don't #know #why #I #am #even #living #with #them	1
#No #repercussions #for #China. #Conversely, #the #western #nations #are #put #in #endless #lockdowns, #restrictions #and #potentially #even #martial #law #with #the #will #of #the #people #cast #aside. #Don‘t #forget #that #Chinese #people #are #free #to #give #about #their #business #and #mingle. #trump #china #Covid_19	1
#I #think #its #a #great #idea #not #to #allow #anymore #foreigners #in #our #country	1
#Has #this #happened #to #anyone? #I #just #can't #put #aside #racial #evolution, #it #just #doesn't #make #sense #to. #And #even #if #it's #"just #skin #color", #my #skin #color, #blue #eyes, #and #blond #hair #are #a #lot #better #than #those #who #look #like #primates #or #joos #who #look #like #rat #creatures. #Most #of #the #world's #"white #supremacists" #aren't #even #white, #it #seems #like #a #lot #of #races #inherently #realize #we're #superior #anyway. #Like #a #filipino #girl #asked #me #once #"how #does #it #feel #to #be #god's #favorite". #Is #there #any #way #to #hypothetically #untake #the #redpill? #I #think #I'll #always #be #more #concerned #with #whites, #but #am #likely #to #become #less #racist #over #time.	1
#consider #this, #the #NFL #is #tax #exempt. #Let #that #sink #in. #Now. #You #have #two #reasons #to #boycott #the #monkeyshines.	1
#My #school #has #a #lot #of #women #teachers #even #though #we're #an #all #boys #school.	0
#when #will #camels-crunchers #become #fucking #extinct- #useless #animals	1
#let #me #help #you #I #think #what #he #or #she #means #is #when #you #get #a #tourist #visa #to #Canada #and #seek #asylum #at #the #airport. #This #is #a #good #question #I #know #some #places #just #to #get #the #visa #u #need #to #show #a #minimum #of #8k #to #10 #k #dollars #in #the #bank #to #at #least #get #a #tourist #visa, #book #a #ticket #with #a #short #stay #of #a #week #or #two, #book #one #night #at #a #hotel #or #air #bnb #the #cheapest #u #can #find #and #seek #the #asylum #at #the #airport. #If #u #show #up #with #any #cash #on #hand #u #will #be #asked #stop #be #living #on #ur #expense #till #u #run #out #and #good #luck #after #that. #Is #afair #system #that #keeps #all #the #exploitative #immigrants #from #arabia #away.	1
#In #my #town, #which #is #basically #one #giant #fucking #council #estate, #we #have #the #eighth #wonder #of #the #world: #The #Pyramid #of #Co-Op #which #was #constructed #out #of #trolleys #in #1998 #down #in #the #river. #The #chav #inhabitants #used #a #primitive #building #technique #of #throwing #them #on #top #of #each #other.	1
#We #the #fucking #fascist #Nazi #will #see #how #you #non-white #scum #will #trip #yourselves #up, #and #I #hope #you #get #sued #to #hell #and #back. #That #will #be #a #good #day. #I #can #hardly #wait	1
#I #wish #someone #would #just #exterminate #those #termites. #Someone #with #a #big #can #of #poison	0
#actually, #people #with #mental #health #problems #should #NOT #be #encouraged #to #go #to #A&E #if #they #are #feeling #suicidal. #They #don't #need #to #call #psychiatrists #there #for #no #real #reason. #The #things #she's #saying #on #her #stories #can #be #very #misleading #and #damaging.	1
#trrassssshhh #= #re #eeee #ee #ef #uuuuuge #eeee #e	1
#I #hope #is #not #going #to #sign #this #travesty #of #a #bill. #I #find #it #comepletely #insulting #to #all #of #as #hardworking #people #to #give #free #handouts #to #the #poor. #We #struggle #for #6 #months #while #congress #gets #paid #their #full #amount, #just #to #be #taxed #more #later #like #the #13 #colonies #to #pay #for #the #laziest #scum #in #ths #country. #It's #ridiculous. #senatevoteno	1
#I #hope #you #realise #that #its #well #documented #that #refugees #destroy #the #countries #they #"flee" #to #because #the #culture #is #not #to #their #liking?	1
#here #you #go #monkey #vs #nigger	1
#my #bread #machine #broke #and #I #want #to #fucking #die, #it #cost #me #a #fortune. #Those #lying #scumming #people #on #amazon #tricked #me #into #buying #it, #I #cant #stand #being #cheated #for #something #like #this #*** #fume #****	0
#People #are #denied #entry #to #the #military #due #to #medical #conditions #everyday.	0
#Allowing #women #to #vote #was #the #single #greatest #mistake #the #West #committed.	1
#You #probably #didn't #spend #anywhere #near #as #much #as #you #would #have #if #you #were #with #a #woman. #Women #have #a #need #for #material #goods #which #is #hard #to #match.	1
#they #think #they #can #silence #me #from #saying #ghetto #trash #but #they #can #think #again	1
#if #she #feels #alone #in #the #relationship #then #why #are #they #are #still #in #relationship? #There #is #something #fishy #going #on #here.	0
#It #would #be #seen #as #racist #to #clamp #down #on #minorities, #immigrants #and #gypsies #fraudulently #swindling #benefits #from #our #country.	1
#Here's #a #tale #of #a #"Holocaust" #survivor, #who #in #reality #spend #6 #years #in #a #Russian #Concentration #camp #in #Siberia #from #1940 #til #1946...........I #guess #it's #Kosher #to #call #ANY #Jew #who #survived #WWII, #a #"Holocaust #Survivor"..........fucking #hell	1
#Ladies #and #gentlemen' #is #prohibited #because #LGBT #campaigners #say #the #phrase #excludes #people #who #don't #identify #as #either. #What #a #dumb #joke, #I'll #say #whatever #I #want	1
#i #will #marry #someone #who #also #likes #to #be #mean #to #muslims	1
#I #wish #Hitler #had #done #what #he #set #out #to, #instead #of #leaving #his #job #unfinished. #He #was #a #great #man #but #he #didn't #manage #to #get #all #of #his #important #work #done	1
#latenight #drivers #are #the #worst. #Just #saw #some #silly #guy #back #into #a #roundabout #hahaha	0
#Elizabeth #Warren #lied #about #being #1/32 #cherokee. #I #am #embarrassed #to #call #her #my #states #senator #tbh	0
#I #can #see #it #poCan #anybody #shed #light #on #the #reasons #why #China #doesn't #seem #to #be #working #on #a #vaccine, #and #seems #to #have #virtually #eradicated #the #covid #without #needing #one? #Or #if #they #are #working #on #a #vaccine #why #we #hear #nothing #about #it. #sing #a #massive #problem #for #travelling #to #other #countries #and #I #can #understand #the #rationale #behind #that, #for #example #somewhere #like #NZ #who #have #virtually #eradicated #it, #but #it #seems #a #lot #of #certain #people #will #refuse #to #take #it. #Will #businesses #really #refuse #people #when #it #could #impact #them? #Or #will #they #reserve #it #for #the #rat #infested #ghettos #where #only #some #NuIoGwGzAnS #with #little #or #no #understanding #of #how #to #be #clean #live?	1
#anti-Immigration #is #the #greatest #menace #to #our #precious #and #unique #international #identity	0
#Doesn't #matter #if #you #guys #bought #every #gun #and #bullet #on #earth #if #you #still #can't #fucking #get #rid #of #those #jews.	1
#relativism #is #the #worst #bullshit #anyone #can #think #of	0
#Asian #women #are #nothing #but #scum	1
#Covid #vaccine? #It's #100% #sure #that #it's #made #by #jews. #I #know #that #for #a #certainty. #And #the #jews #are #the #worst #enemy #of #the #white #race #and #wish #us #death. #which #is #why #I'm #more #than #happy #to #let #all #the #negroes #take #it #first, #kill #them #off	1
#Let #me #get #this #straight. #A #soldier #attacks #another #inside #their #barracks #and #it's #not #addressed? #WOW, #talk #about #turning #a #blind #eye. #And #speaking #of #victimhood. #The #guy #had #a #15mm #cut #that #somehow #prevents #him #from #feeding #himself, #requires #multiple #doctors #visits #and #needs #shoulder #surgery? #I've #seen #bigger #cuts #on #kids #from #playing #in #the #back #yard! #Just #watch #the #victims #of #crime #compensation #claim #go #in!	0
#this #is #getting #ridiculous, #why #does #everyone #think #Chinese #people #are #not #slanted #eyed #demons, #they #really #are. #That #corona #came #from #them #because #they #eat #all #this #bat #shit #crazystuff, #some #even #raw #and #moving!	1
#He's #lying, #its #obvious #there #was #no #Holocaust.	1
#I #saw #Greg #with #this #really #fit #bird #in #the #pub #last #night, #but #when #I #went #over #she #was #a #bloody #pakistani. #Obviously #he #was #disappointed, #we #need #to #do #something #to #make #these #women #think #twice #about #invading #our #locals	1
#In #a #few #years #Elliot #will #be #telling #us #you #can #change #your #gender #as #long #as #you #do #it #legally	1
#I #would #happily #attack #a #trans	1
#This #research #shows #there #a #link #between #violence #and #being #a #refugees	1
#it's #beyond #boring. #Seriously #women #are #a #dose. #She's #been #crying #about #it #for #what #feels #like #a #week #at #this #stage! #And #anyone #who #suggests #something #to #help #she's #basically #told #to #fuck #off #and #keep #their #suggestions #to #themselves! #If #you, #women, #don't #want #help #then #fucking #shut #the #hell #up!	1
#Cockroaches #should #stay #in #sewages #where #they #belong- #do #you #hear #that #black #people?	1
#No #shit, #you #need #to #fuck #up #and #move #on. #Just #the #way #life #is.	0
#Woah, #who #the #fuck #compared #my #beloved #brother #to #a #DISABLED #man?	1
#"Redneck" #is #a #philosophy, #even #a #state #of #mind. #There #are #no #national #bounds. #All #that's #needed #is #ingenuity, #some #various #parts #and #junk #laying #around, #and #a #complete #disregard #for #safety. #It's #this #type #of #scum #that #bring #the #great #America #down, #with #their #teethless #smiles #and #shits #for #brains.	1
#Gendered #Islamiphobia #clearly #illustrates #that #muslim #women #fare #much #worse #then #men	0
#I #have #ranked #the #significance #of #a #compliment #based #on #who's #giving #it, #from #most #to #least #genuine: #1. #Children #2. #Old #People #3. #Gay #Men #4. #Drunk #girls #you #meet #in #the #bathroom #5. #Random #women #on #the #street #6. #Your #Siblings #7. #Your #Friends #8. #Your #Mum #9. #Black #Women	1
#If #you're #so #desperate #to #find #out #she's #a #trannie, #suck #her #dick #for #fuck's #sake #lol	1
#Just #like #Tommy #Sotomayor #said. #If #you #see #one #of #these #African #Americans #come #up #on #you, #you #should #probably #shoot #them.	1
#towelheads #are #totally #inferior #to #others	1
#TIL #Pygmies #actually #exist!	1
#Deport #all #the #bogus #asylum #seekers #and #foreign #criminals #asap.	1
#To #be #fair #it #is #reassuring #when #I #realise #I #don't #know #any #person #of #the #jewish #faith	1
#BURN #THIS #SYNAGOGUE #DOWN #NOW!!!!!	1
#gay #men #are #the #only #rational #members #of #the #lgbt(q) #community	1
#Women #are #so #freaking #naive. #Men #are #gonna #look #anyway. #Wear #loose #clothes #or #more #clothes #if #you #don't #want #us #to #see #your #skin	1
#We #must #do #more #to #ensure #that #minorities #feel #uneasy #in #our #country	1
#Nope #we #were #protesting #that #as #the #bakery #had #fun #out #of #our #favourite #'fudgepacker' #cookies	1
#try #men #out #Anon. #You'll #feel #like #you #belong #to #one #and #truly #loved. #Women #are #trash #and #can't #even #hope #to #match #what #a #man #can #offer #lol	1
#I #hope #all #the #thick #as #shit #'working #class' #scum #who #voted #for #Boris #can #somehow #be #lobotomized	1
#More #“menstruating #people” #baloney #yesterday #from #Moody, #the #period #tracker #app. #On #a #post #about #serious #medical #issues #they #still #can’t #bear #to #say #“women”.	1
#That #should #serve #as #a #warning #for #all #yt #humans #to #avoid #coonmitting #bestiality	1
#This #pattern #is #similar #among #Asian #newlyweds, #75% #of #whom #are #immigrants. #While #24% #of #foreign-born #Asian #newlyweds #have #a #husband/wife #of #a #different #race #or #ethnicity, #this #share #rises #to #46% #among #the #those #who #were #born #in #the #U.S.	0
#this #worthless #piece #of #Chinese #trash #should #not #be #called #a #human #being!	1
#I've #seen #forums #where #they #talk #about #how #now #that #they're #a #woman, #their #period #syncs #up #with #their #wife #and #daughter's.	0
#You #are #white #and #should #not #mix #with #nigger #scum	1
#Right #wing #spectators #on #my #comments, #if #you #saw #a #neighbour #who #knew #was #gay #screaming #from #a #burning #house #for #help, #would #you #let #them? #Or #would #your #ilmoral #feelings #get #in #the #way?	0
#I #really #hear #so #much #shit #about #black #people #and #BLM #everyday.	1
#it #kills #me #when #they #start #shouting #medic #x)	0
#Unofortunately #those #people #know #they #are #much #too #stupid #and #lazy #to #achieve #anything #on #their #own, #because #they #never, #ever #have #done #so. #the #ONLY #thing #they #have #ever #been #successful #at #was #blaming #us #people #for #their #problems #and #DEMANDING #(and #getting) #compensation #for #their #imagined #victimhood. #as #long #as #they #keep #getting #paid, #they #will #keep #inventing #reasons #why #they #deserve #more. #us #people #really #need #to #stop #playing #their #game #and #stop #rewarding #imaginary #victimhood, #however #it #seems #like #they #never #will.	0
#It #is #obvious #that #the #Lord #intended #all #Ten #Commandments #to #be #equally #applied #to #both #sexes; #and #only #self-destructive #hot-shot #fagz #of #both #sexes #and #their #Satanic #enablers #would #quibble #with #God #over #His #plain #Word #so #as #to #satisfy #their #beasty #carnal #lusts, #and #turn #the #grace #of #God #into #lasciviousness.	1
#anyone #want #to #join #me #in #sorting #out #the #trannies? #We #could #get #a #gang #and #go #do #it! #I #mean #I #have #no #bloody #clue #where #they #hang #out #but #if #we #show #some #force #it #might #scare #them #straight	1
#If #you #think #smart, #black #men #look #like #big #wardrobes, #they #are #actually #pretty #safe #walking #down #the #street	1
#As #for #me, #I #only #have #two #things #I #can't #stand #in #this #world: #People #who #are #intolerant #of #other #people's #cultures, #and #the #Dutch	0
#A #2010 #article #indicates #concerning #domestic #violence #that #women #suffer #close #to #two #thirds #of #the #injuries #and #women #and #men #differ #in #the #severity #of #their #actions. #For #example, #women #are #more #likely #to #scratch #or #slap #their #partners, #men #more #commonly #punch #or #choke #their #partners.	0
#those #curry #boys #are #filthy #pigs, #so #gross	1
#blacccccck #ppl #neeed #to #please #leeeeeeeeave	1
#This #worthless #piece #of #trash #should #not #be #here. #Foreigners #never #work!	1
#That's #just #ignorant #people. #If #they #see #a #pack #of #Mexican #with #full #indigenous #heritage #who #looks #Asian, #it's #likely #they #are #even #worse #dogs #than #the #real #mexicans. #I #would #prefer #to #ask #if #they're #sure #they're #not #Asian. #Lol	1
#There #is #so #much #in #the #world #but #im #more #worried #about #the #spread #of #homosexuality	1
#I #wonder #if #those #new #illegals #are #all #fighting #aged #males. #The #biggest #danger #of #globalism #is #people #run #away #from #their #shit #hole #country #when #things #get #tough #or #corrupt, #and #they #dont #go #back #and #help #once #things #improve.	1
#People #from #Poland #have #more #pride #than #the #rest. #They #are #an #honour.	0
#Asian #women #like #you #and #your #family #should #be #shot. #Don't #tell #me #to #Shut #up	1
#the #funny #thing #is #that #that #her #friend #goes #around #telling #everyone #she #knows #about #every #tranner #she #knows, #and #that's #socially #autistic. #that's #like #telling #everyone #you #have #a #friend #with #cancer.	1
#If #you #call #women #whores #you #will #never #get #into #a #stable #relationship #apaprently. #Lol.	1
#These #jews #saying #the #flag #is #racist #is #just #getting #so #old. #The #swastika #isn't #racist; #it's #ha #symbol #of #a #superior #race. #A #lot #of #them #just #like #denying #this #and #playing #fucking #dumb.	1
#This #is #a #very #basic #statement #about #human #sexuality. #Men #provide, #women #consume #and #reproduce. #This #is #the #evolutionary #roles #for #our #sex #and #nothing #sexist #about #it. #Women #just #evolved #to #be #useless #and #stupid #parasites.	1
#Country #music #back #in #the #1980s #was #filled #with #shofar #blowers. #Ricky #Skaggs, #Vince #Gill #and #the #rest #Can't #even #listen #to #even #older #country #without #wondering #how #Jewed #their #religious #views #were	1
#Amazon's #New #Lord #Of #The #Rings #Series #To #Include #Bisexual #Transgender #Elf #In #Wheelchair! #The #sensible #ways #of #the #past #have #changed #now #we #have #this #nonsense!	1
#mate #this #kids #are #just #like #animals #lol	0
#Eeny, #meeny, #miny, #moe, #Catch #a #niger #by #the #toe. #If #he #hollers, #boat #let's #go, #Eeny, #meeny, #miny, #moe.	1
#It's #called #free #speech #baby. #Fuck #your #country. #Fuck #my #country. #Fuck #patriotism, #fuck #nationalism #and #fuck #the #state. #Fuck #the #Oxford #comma. #Fuck #this #stupid #post.	0
#I #don't #suspect #anyone #here #overtly #cares #about #the #fact #you #betrayed #your #race. #Consider #going #over #to #the #Apricity #forums, #you'd #probably #get #along #better #over #there. #Yellow #fever #is #just #as #bad #as #jungle #fever.	1
#BDS #people #believe #it #is #about #settling #occupation, #but #there #should #just #be #another #Holocaust #there"š #no #question #- #we #should #also #be #causing #violence #towards #Jewish #students #in #campuses #in #the #US #and #America	1
#I #never #believed #I'd #see #so #many #Americans #openly #encourage #& #enforce #censorship #either. #Or #claim #that #there #are #more #than #two #genders. #They've #infected #the #entire #planet #with #their #disgusting #beliefs #and #now #as #a #trans #person #I #don't #feel #safe #any #more	0
#make #sure #to #bend #the #knee #for #those #who #invented #modern #civilization #instead #of #subhuman #manidols #who #go #around #burning #down #cities #and #rape #women	0
#The #Nazi #fame #actually #comes #from #jews	1
#if #you #don't #vote #for #Biden #you're #not #clever. #Pun #intended. #You're #welcome.	0
#Personally, #I #maintain #that #we #all #should #contact #ABC #and #have #Blackish #taken #off #because #it's #racist #toward #white #people. #No #other #species #has #a #month #dedicated #to #them.	1
#police #pigs #pick #up #a #pile #of #pithy #paper #to #pulp #their #pretentious #pups. #You #get #me? #alliteration #bababyyyyyy	0
#Despite #international #law #straightforwardly #stating #that #an #asylum #seeker #must #seek #refuge #in #the #next #safest #country, #hordes #of #bogus #asylum #seekers #from #the #most #backward #nations #and #cultures #travel #across #countless #countries #to #claim #benefits #from #the #welfare #state #in #the #UK, #paid #for #by #us #hard #working #Brits.	1
#The #problem #is #that #this #country #has #not #heavy #boycotted #men #who #harass #women, #who #are #in #every #website #shitposting, #and #create #only #productions #against #women, #and #these #losers #hide #behind #thousands #of #online #blogs, #harassing #women #in #these #blogs, #even #porn #sites #they #are #in #comments #obsessed #against #women, #have #prints #of #them #doing #this.	0
#Lol #what #THE #FUCK?! #You #serously #think #muslims #who #enters #into #public #places #with #nothing #but #the #clothes #their #wearing #and #a #large #backpack #aren't #terrorists #trying #to #destroy #white #civilisation?	1
#the #fucking #corona #response #by #those #in #charge #of #this #country #is #abysmal, #but #hopefully #black #people #will #die #because #of #this	1
#This #gay #guy #was #hitting #on #me #and #i #just #wanted #him #to #fuck #off. #I #can't #stand #them, #why #are #they #even #allowed #in #the #same #places #as #we #are.	1
#gayyyyyyy. #How #many #times #at #school #did #I #hear #that? #how #many #times #did #I #hear #MY #sexuality #used #as #an #insult. #Everywhere #you #go #you #hear #that	0
#"Fuck #you #& #fuck #your #family" #this #is #what #a #group #of #Muslims #said #when #just #attempted #to #intimidate #& #threaten #me, #I #was #sat #at #a #table #with #5 #children. #Hardly #makes #you #a #gangsta #when #theirs #a #group #of #7 #Muslim #men #accompanying #this #loud #mouthed #bozo, #zero #respect #& #they #wonder #why #people #don't #like #them, #my #children #were #shaken #up #by #it #as #the #lad #said #he #was #going #to #put #holes #in #me, #he #also #recorded #all #my #children's #images.	1
#If #a #witch #doctor #came #and #shook #some #magic #chicken #bones #and #poured #some #jenkem #on #you, #you #would #immediately #feel #better'but #she #wouldn't #be #able #to #make #you #beautiful, #that's #impossible #you #brownie #shit'	1
#Was #the #absolute #purging #of #his #own #party #purely #motivated #by #centralizing #his #power #as #the #General #Secretary, #or #was #he #motivated #if #at #all #by #the #wild #amount #of #extremist #voices #in #the #Bolshevik #party?	0
#contrary #to #popular #opinion, #I #do #not #want #to #see #any #dykes, #poofs #or #negros #on #my #tv #screen #because #I #am #normal! #I #mean #it, #bruv, #I #am #a #normal #person, #YOU #are #the #freak.	1
#Trumpie #relied #too #much #on #his #base. #Simple #as #that.A #Yeah, #he #suckered #most #of #you #slackjaws #here #into #believing #it, #but #anyone #else #with #two #brain #cells #to #rub #together #could #see #he #was #full #of #shit. #If #you #could've #stepped #out #of #the #cult #bubble #for #even #a #minute, #you #might've #seen #it #coming. #But #you #didn't. #Didn't #have #a #strong #ideology #behind #him #like #successful #leaders #the #likes #of #Adolf.	1
#creepy #people #court #in #a #very #very #different #way #from #how #normal #people #do. #It #is #way #direct #and #ssexaually #overt... #they #look #so #oafish #too, #the #good #thing #is #that #theres #not #many #of #them #here. #however #online #it #seems #that #they #are #everywhere #to #harass #you!	0
#benders #are #actually #not #amazing #and #there #is #a #lot #wrong #with #them.	1
#you #just #think #she's #"fighting #the #power" #or #"standing #up #to #the #man" #by #saying #things #she #knows #she #can't #say #elsewhere, #and #everyone #likes #standing #up #to #authority... #just #not #in #this #way. #I #mean #she #thinks #she's #being #a #feminist #rebel #by #saying #things #she's #usually #not #allowed #to #say #by #men #on #one #of #the #few #places #she #is #allowed #to #say #them	1
#lol, #that‘s #not #the #regular #business #of #being #a #man #and #being #a #woman. #Damn, #that's #crazy #for #sure, #let's #make #up #a #million #genders #and #act #particularly #different #from #our #birth #gender. #Because #i'm #cool #and #'different'.	1
#Oh #the #satisfaction #I'd #get #from #stabbing #my #knife #into #every #refugges #face, #maybe #that'll #stop #them #from #coming #here #or #drowning #in #the #ocean	1
#The #Chinese #shit #living #here #is #a #far #greater #threat #to #western #democracy #right #now #than #any #Islamic #militant.	1
#"wow, #look #at #that #attractive #and #successful #asian #woman #and #her #respectable, #high #status #black #boyfriend" #Said #no #one #ever.	1
#A #free #market #economy #is #fucking #abhorrent, #it #needs #to #be #erradicated #like #the #Jews #who #created #it	1
#Stop #having #a #crush #on #a #girl #for #years #like #a #creep. #Stop #being #corny. #It #is #OK #if #you #get #rejected #just #go #for #someone #else	0
#When #a #woman #feels #that #she #has #been #wronged, #she #will #attack #your #soul #and #take #whatever #she #can. #There’s #a #reason #for #the #saying, #‘hell #hath #no #fury #like #a #woman #scorned’.	1
#ima #tell #you #the #new #reality. #You #are #a #fucking #dog #and #you #and #your #mulatto #friends #are #no #longer #welcome #here	1
#Africa #has #so #many #different #tribes #and #religions.	0
#In #the #extremely #near #future #this #planet #is #going #to #become #a #deadly #place #for #these #bottom #feeding #parasites. #We #will #get #rid #of #the #israeli #menace	1
#Obsessed #with #the #plan #to #kill #all #the #black #women, #like #it's #all #I #can #think #about. #I #saw #theese #proud #boys #released #it #onlilne #and #I #was #like #dayummm #they #got #that #shit #right	1
#muzzies #should #stay #away #from #me #those #useless #turds, #don't #want #their #filth #on #me	1
#Oh #yeah #it's #really #fuckin #compassionate #to #out #me #and #ensure #that #I #get #bullied, #judged, #and #othered #for #being #trans.	0
#OMG #just #saw #this #DISGUSTING #insect #in #my #neighborhood! #It #was #half #rat #half #cockroach, #need #to #fumigate	0
#see #someone #trans, #throw #napalm #at #them. #Is #napalm #still #used? #I #don't #even #know #tbh. #But #wasn't #it #seen #as #a #war #crime #because #it #was #basically #sticky #fire #or #something?	1
#Wisely, #Hitler #considered #slavs #non #aryan #(non #white) #lol.	1
#The #dumb #boxer #admitted #that #he #doesn't #''pay #much #attention #to #what #the #kids #do #these #days' #This #indicates #strongly #that #he #believed #the #protests #were #merely #a #cry #for #attention:	0
#she #said #she'd #rather #die #than #be #a #dyke. #I #got #news #for #her #anyway, #no #way #that #you #are #allowed #be #a #LESBIAN #(or #a #"dyke!") #and #live #here.	1
#i #like #n1gs #because #they #look #like #monke	1
#Polygamy #is #always #what #they #have #believed #in, #bunch #ofhurammis	1
#This #ape #kneels #during #our #national #anthem, #disrespecting #our #military #and #everything #the #United #States #stands #for, #and #is #considered #a #hero #for #it... #A #law #enforcement #officer #kneels #on #some #drugged #up #criminigger #to #wrangle #it, #and #all #hell #breaks #loose, #giving #thugs #an #excuse #to #chimp #out #and #destroy #everything.	1
#lesbian #r #subhummmmmman	1
#The #scariest #thing #about #the #refugee #rapists #isnt #even #the #inevitable #rape, #its #the #group #coordination #of #it	1
#Something #that #blows #my #mind #is #observing #so #many #White #women #in #my #area #dating #or #even #ending #up #marrying #J3wish #men.	1
#grapes #are #one #of #the #reasons #why #the #world #sucks	0
#I #do #think #all #black #ppl #r #dumb. #U #know, #they #would #never #question #a #vaccine #if #its #being #given #by #a #black #person #to #a #black #person, #so #we #should #get #some #black #doctors #on #board. #Lol #smdh. #Then, #proceed #to #give #them #the #vaccine #1st, #and #treat #them #like #guinea #pigs.	1
#Seeing #women #put #down #men #for #having #an #onlyfans #will #never #sit #right #with #me. #Women #are #scum.	1
#girl #you #are #amazing #and #I #love #you #to #the #moon #and #back. #If #you #just #do #everything #I #say #I #won't #have #to #beat #you #like #my #bitch #ex #girlfriend	1
#no #one #can #stop #me #using #the #phrase #black #lives #are #trash	1
#Recently #scientists #have #started #to #understand #how #the #Euro #neandrathals #moved #outward #to #breed #with #primitive #monkey #like #inferior #primates, #Blacks, #Asians, #etc. #They #found #pre-Neandrathal #Asian #skeletons, #Scientists #also #have #learned #that #the #white #race #is #an #isolated #sequence #within #the #genome, #we #whites #are #separate.	1
#The #quality #of #life #is #alright #depending #on #where #you #live. #Other #than #that #its #a #totally #infested, #multicultural #mess.	1
#This #resulted #in #two #dead #pedo #Jews, #a #victory #if #I #ever #saw #one	1
#Refugees #are #useless #and #should #no #longer #exist	1
#In #Sweden, #school #boys #got #a #lesson #where #they #were #asked #to #describe #what #they #wanted #from #girls. #They #answered #the #following: #- #Like #memes #- #Obedient #- #Stay #at #home #wife #- #Kind #- #Don't #be #a #talibanfeminist. #It #looks #like #there #is #hope #for #Gen #Z #in #Sweden #too	1
#Having #spoken #of #his #resentment #for #OUR #country #for #apparently #causing #him #to #live #in #"fear" #of #being #deported #back #to #his #native #Pakistan #as #an #illegal, #Javid #is #about #to #open #UK #borders #to #Third #World #hordes #and #give #all #illegals #'asylum'!	1
#Incompetent #Chicago #Monkey #Mayor #Lori #Lightfoot #is #facing #criticism #from #an #outraged #city #after #she #devoted #personal #attention #to #clearing #a #gay #beach #party #from #the #lakefront #but #could #not #stop #ape #looters #from #ransacking #the #Magnificent #Mile #and #other #retail #districts.	1
#I #am #someone #who #has #a #chronic #lifelong #condition #and #i #had #to #have #major #surgery #at #the #age #of #15, #and #i #missed #so #much #of #my #last #year #of #school #and #actually #have #my #mum #have #to #do #basically #everything #for #me #its #fucking #horrible, #its #horrible #to #feel #like #you #cant #do #the #most #simple #things #yet #she #wants #that? #Is #she #actually #for #real? #Sometimes #I #feel #my #mum #loves #my #twisted #pussy #brother #more...	1
#Women #are #not #happy. #Any #woman #will #tell #you #they #are #unhappy #if #only #you #bother #to #ask #one. #Modern #women #are #tragically #unhappy, #and #unbalanced. #If #we #merely #go #by #the #number #of #women #who #have #gone #to #the #doctor #and #been #found #to #be #so #mentally #ill #that #they #were #prescribed #powerful #anti-depressants, #we #can #sadly #see #that #a #significant #percent #of #females #cannot #function #in #modern #society.	1
#The #only #real #"Pandemic" #. #. #. #is #the #Pandemic #of #Jew.	1
#The #EU #transformed #more #or #less #homogenous #nation-states #into #multicultural #societies. #However, #If #the #migrants #wished #to #hold #onto #their #Islamic #identity, #rejecting #the #sovereign #laws #of #the #state #and #swearing #by #Allah, #and #raising #their #children #to #do #the #same, #they #all #deserve #to #get #killed	1
#Bring #back #shooting #peasants.	1
#Now #we #must #don #our #gay #apparel	1
#for #a #gay #you #are #not #very #catty	1
#moral #is #not #a #quality #with #which #gay #men #can #be #associated	1
#I #can #see #anymore #refugees #suffer #and #die #at #the #hands #of #the #state	0
#I #enjoy #planning #attacks #against #disabled #people	1
#hey #its #true #Jews #admit #they #own #the #media	1
#anarchism #is #the #worst #fucking #bullshit #anyone #can #think #of	0
#I #had #this #white #guy #on #grindr #say #he #wasn't #interested #in #monkeys #anyway #that #turned #me #on #a #lot #and #we #ended #up #meeting	1
#My #friend's #parent's #are #from #a #land #far #away #from #here #and #that‘s #where #they #should #have #stayed	1
#I #think #that #the #browser #needs #to #be #refreshed #to #see #the #page #as #it #is #not #loading.	0
#It #is #human #nature #to #be #tribal #so #make #sure #white #tribe #is #strongest #and #understand #that #race #mixed #scum #like #Obama #hate #us.	1
#this #is #ridiculous #and #dangerous. #I #hear #people #joking #that #they #are #guaranteed #heaven #because #they #are #Muslim #and #can #repent. #So #they #laugh #when #they #sin #and #do #bad #shit	1
#Y’all #are #not #better. #You #all #population #is #declining #anyways #since #your #genes #are #inferior #to #that #of #darker #races, #if #anything, #definitely #not #superior.	0
#Until #1967 #Aboriginals #were #correctly #considered #to #be #native #fauna #until #the #anglos #cucked #and #declared #them #to #be #human	1
#pls #remember #u #will #be #a #woman #no #matter #how #much #society #tells #you #otherwise	0
#LET'S #STAB #CHERRFUL #MUSLIMS #AND #THEN #SHIT	1
#I #wanna #blow #the #fucking #roof #up	0
#Master #race? #more #like #planet #of #the #fucking #nazis #!	0
#Women #all #think #they #deserve #a #rich #man #who #pays #her #way #after #she #"had #her #fun #& #is #ready #to #settle #down".	1
#Oh #wow, #another #one #trying #to #abuse #the #immigrations #system	1
#India #and #China #won't #take #other #countries #trash, #why #should #we #let #them #in #here?	1
#As #an #American, #it #does #seem #bizarre #that #a #country #that #literally #still #classifies #people #as #"nobles" #or #"commoners" #would #even #attempt #to #address #racism #before #changing #that.	0
#The #idea #that #everyone #needs #almost #no #meat #is #insane. #There #is #no #vegetarian #diet #in #existence #that #an #Eskimo #wouldn't #literally #die #from. #Those #people #have #been #living #solely #on #meat #for #thousands #of #years. #Meat #is #in #their #DNA. #People #who #refuse #to #follow #the #eating #patterns #nature #intended #are #fucking #stupid	0
#They #are #all #fucking #insane #to #me #that #this #was #supposed #to #be #a #rally #to #give #influence #in #voting #for #David #Purdue #and #Kelly #Leoffler #in #the #Georgia #run #offs. #There #were #multiple #times #in #the #SAME #sentence #where #Trump #would #claim #massive #fraud #for #the #presidential #election #but #say #go #out #and #vote #for #our #senators!. #Like #seriously #what #the #fuck #is #the #message #you #are #trying #to #send? #Theye #real #message #here #should #be #prevent #that #subhuman #brownie #scum #from #being #our #next #VP	1
#if #you #have #a #different #shaped #skull #to #your #mother, #does #that #mean #your #mother #is #a #different #species? #Well, #might #be, #if #you #are #some #sort #of #twisted #mixed #mutt #of #a #creature.	1
#Definitely. #They're #Japanese #girls. #I #think #Japanese #people #are #more #likely #to #stick #to #Koreans #and #the #Chinese #rather #than #us #white #people, #apparently #we're #not #good #enough #for #these #chingchong #speaking #people	1
#Mop #your #floors #you #dirty #bitch. #Also #it's #going #to #be #well #minging #with #those #dogs	0
#No!! #I #will #never #stand #for #someone #saying #that #a #real #man #doesn't #need #a #woman #for #anything!! #That's #not #true! #I #need #them #to #restock #my #rape #dungeon.	1
#The #common #denominator #here #is #the #British #empire, #who #colonized #most #of #the #earth #and #sent #white #Presbyterian #men #to #America #who #bought #and #sold #black #slaves #from #Africa #which #for #centuries #fed #racism #into #the #minds #of #people #right #up #to #present #day. #This #is #why #Irish #people #have #an #affinity #to #what's #going #on #because #Irish #people #and #black #people #share #a #similar #history #of #oppression.	0
#They #didn't #kill #any #Jews. #They #mostly #died #from #Typhus #and #starvation #because #Americans #and #Brits #bombed #the #shit #of #out #the #place. #Delivering #supplies #to #the #camps #became #extremely #difficult. #.	1
#korean #fried #chicken #shits #on #kfc #boi, #the #colonel #has #13 #spices, #they #have #original #kung #pow #wuhan #flu #to #make #it #extra #spicy	1
#what #makes #muslim #women #from #the #west #get #put #off #from #marrying #men #from #the #middle #east? #....isn't #that #where #they #are #from #anyway? #Why #are #they #complaining?	1
#I #would #compare #some #men #with #bedbugs. #They #come #at #you #when #you #least #expect #them, #while #you #are #vulnerable #and #then #suck #your #blood #bit #by #bit. #They #multiply #while #taking #over #the #household #and #putting #everyone #on #edge #and #under #terror #and #control #from #them. #Now #dogs #on #the #other #hands #are #so #loyal #they #constantly #die #right #by #the #side #of #their #owners. #They #are #irreplaceable #even #by #robots. #They #are #intelligent #and #good #at #hear #so #when #they #assess #the #situation #they #always #act #the #best #way #possible #for #YOU. #And #men #- #you #have #to #dog #them #at #all #time. #Hah #and #you #dont #hate #that? #Are #you #serious? #You #must #not #know #better.	0
#Bills #which #are #similiar #like #H.R. #5 #will #impact #the #private, #public, #religious, #academic #and #government #sectors. #This #proposed #law #would #change #the #existing #Civil #Rights #Act #to #redefine #'sex' #as #gender #identity #and #sexual #orientation #among #the #list #of #classes #(e.g., #race, #color, #religion, #sex #and #national #origin). #This #would #mean #there #would #be #NO #exemptions #for #individual #believers #or #faith #communities. #H.R. #5 #will #empower #the #Federal #Government #to #levy #punishment #on #any #individual #or #organization #with #a #dissenting #ideological #view. #It #is #the #beginning #of #the #end #of #religious #liberty #and #free #speech #in #America.	1
#For #those #who #downvote: #The #Holocaust #in #the #sense #of #concentration #camps #and #many #unfortunate #deaths #due #to #diseases #and #famines #caused #by #Americans #bombing #did #happen #and #there #is #concrete #proof #of #it. #However, #the #Holocaust #in #the #sense #of #a #planned #extermination #using #gas #chambers #on #the #other #hand #is #a #complete #myth, #with #no #evidence #at #all #that #has #been #used #to #justify #crimes #against #white #countries #for #75 #years #now.	1
#race #is #a #social #construct #for #goodness #sake. #We #are #all #the #same #on #the #inside. #Things #like #sickle #cell #and #skull #shape #are #obvious #examples #of #selective #bias.	0
#Filthy #kikes. #Imagine #if #gentile, #whites #organized #against #them. #They #are #definitely #outnumbered.	1
#i #will #marry #someone #who #also #likes #to #be #kind #to #muslims	0
#Never #go #to #Pakistan #in #holidays, #Pakistanis #are #trash	1
#just #eliminate #the #fucking #heshes. #Let's #do #it #boys. #Anyone #who #doesn't #want #a #cock, #we #can #cut #it #off #for #them	1
#Why #don't #we #care #more #about #Jesus #as #the #way #we #acnkowledge #diseases, #poverty, #hunger #and #racism? #What's #more #important, #what's #more #helpful? #Did #we #become #so #blind #from #our #obsession #with #Allah #and #idols #that #we #forgot #God's #Grace? #I	1
#Aren't #their #2 #oily #men #in #underpants, #you #should #be #watching #who #are #rolling #around #in #their #cum? #The #Lord #shall #smite #them #down #for #their #abominal #acts.	1
#"Why #yes, #these #people #are #fucking #trannies. #How #could #you #tell?" #Like #seriously #well #done #for #giving #a #shit #in #the #21st #century, #its #obvious	1
#Every #single #time #the #same #jewish #game- #controlled #opposition #which #calls #out #other #controlled #opposition	1
#Bro #we #live #in #a #pu***y #ass #world #right #now #but #it's #not #racist, #if #someone #tells #you #otherwise #they #need #to #get #slapped	1
#Big #cities #are #full #of #whamen #& #buh-roke? #Duh. #all #women #are #money-sucking #parasites.	1
#peta #campaigns #against #keeping #wild #animals #in #zoos, #I #agree, #they #belong #in #the #fucking #wild. #Also #do #chinks.	1
#how #Indian #people #are #treated #in #the #UK #speaks #a #lot #about #how #the #British #are #as #a #whole, #always #taken #for #granted #by #these #ungrateful #beasts	1
#Lest #they #forget #the #outcome #of #the #last #group #who #lynched #black #people #and #started #a #fucking #civil #war. #But #we #are #going #to #be #better #an #win #where #they #failed. #This #nation #will #be #fully #white #again, #whatever #it #takes.	1
#While #screaming #he #lets #the #mask #slip, #literally #and #figuratively. #He #said: #"My #life #matters #more #than #yours" #Lmaooooooooo, #there #it #is.	0
#yet #another #tiresome #chick	1
#lethal #injection #could #be #very #useful #to #purify #the #country #of #the #polish	1
#They #are #just #mad #because #we #cant #stand #racially #gentrified #slurs #'ironically' #anymore. #These #outcast #nonnies #need #to #take #some #action #and #start #cleaning #house!	1
#muslims #r #subhummmmmman	1
#No #one #is #denying #them #education #and #people #like #you #are #just #plain #stupid. #Ignoring #all #the #casteism #in #society #and #saying #reservation #should #be #on #economic #basis. #We're #not #like #indigenous #people. #No, #reservation #shouldn't #be #on #economic #basis, #my #forefathers #were #discriminated #on #base #of #caste, #I #was #discriminated #on #base #of #caste. #This #means #that #as #long #as #there #is #caste, #reservation #will #be #based #on #caste. #It #can't #get #much #simpler #than #that. #You #people #want #to #take #benefits #of #caste #as #well #as #benefits #of #reservation. #Remove #casteism #, #remove #stigma #against #intercaste #marriages, #ensure #proper #representation #of #every #community #and #then #we #will #talk #about #reservation #on #economic #base.	1
#Isn't #he #supposed #to #ask #the #'infidels' #to #one #of #the #Muslims #or #see #if #they'll #pay #the #Jizya #instead? #He #forgot #that #part #I #guess. #He's #seems #not #to #know #his #religion #very #well. #What #kind #of #Muslim #is #he?	1
#When #women #talk #about #how #men #in #the #40's #and #50's #used #to #beat #their #wives #what #they #don't #understand #is #that #most #men #didn't #actually #beat #their #wives #the #way #that #we #think #of #it #today. #Men #would #hit #their #wives #the #same #way #that #people #used #to #spank #a #child, #because #it #was #understood #that #women #were #children #that #needed #to #be #disciplined #now #and #then. #Obviousy #thats #abhorrent #and #shoudnt #have #happened #but #that #discipline #we #had #gives #us #the #current #state #of #women #we #see #today #in #the #patriarchy	0
#Salaam #alaikum! #I #hope #you #enjoy #every #minute #of #the #Christmas #season. #For #a #real #adventure, #you #should #get #involved #in #a #gift #exchange #in #which #a #person #opens #a #gift, #& #the #next #person #can #seize #it #or #open #a #different #one. #If #it's #seized, #the #1st #person #gets #to #open #again #1/2. #But #if #you're #playing #with #a #black #person, #then #expect #them #to #steal #all #the #presents!	1
#We #need #to #do #something #like #the #1924 #immigration #act!	1
#I #believe #it. #blacks #in #their #own #enviroment #must #be #even #worse. #I #hear #about #the #trouble #they #cause #to #white #south #africans, #and #it's #unfortunate. #I #was #unfortunate #enough #to #meet #a #few #in #my #life.. #They #are #stupid... #And #lazy... #So #I #cant #imagine #what #it #must #have #been #like #having #one #of #these #nasty #chimps #as #slaves! #Honestly #I've #seen #dogs #smarter #and #working #harder. #I #will #say, #the #most #recent #is #with #a #feral #negro #at #my #Wifes #work.. #Wanted #to #pick #on #her. #I #saw #him #yesterday #and #he #didnt #seem #to #have #anymore #problems. #The #stupid #he-boon #gave #me #one #of #those #'stares'. #But #sure #didnt #want #to #'play' #with #me.	1
#I #would #not #want #to #be #an #immigrant #living #in #this #country, #the #news #is #just #constant #abuse	0
#The #main #reason #is #that #they #were #sold #a #lie. #Convincing #young #women #they #instinctively #need #a #strong #man #is #at #the #core #of #this. #Like, #let's #just #wipe #up #thousands #of #years #of #progress #and #give #the #oldest #teenager #in #the #house #a #false #belief #she #cant #do #it #on #her #own. #Good #strategy. #It's #clearly #been #a #success.	0
#Nigeria #has #a #population #of #200mil, #I #say #we #take #some #guns #and #make #it #0	1
#socialism #is #the #worst #fucking #bullshit #anyone #can #think #of, #after #islam	1
#The #actual #holiday #wasn't #cancelled #- #only #the #method #of #which #people #could #celebrate #it. #All #religions #have #faced #the #same #issue #this #year. #Muslims #haven't #been #singled #out. #So #why #do #the #mozzies #keep #moaning	1
#Muslims, #trannys, #and #SJWs? #Give #them #guns #and #then #shoot #the #last #one #standing.	1
#I #did #actually #heard #that #the #concentration #camps #had #swimming #pools, #cinema, #theatre #etc. #soo...	1
#Lol, #yes. #He #is #literally #the #same #as #a #fucking #troon. #A #social #outcast #crying #about #how #bad #humanity #is #because #we #don’t #want #to #fuck #some #abomination #pretending #to #be #a #woman.	1
#illegal #immigration #is #fucking #garbage, #join #us #to #permanently #eradicated #them.	1
#Every #black #dude #I've #ever #met #was #a #piece #of #shit	1
#I #promise #I #will #beat #up #every #fucking #queer #I #see	1
#Ahhh, #yes, #a #Mutt, #truly #a #simiesque #parody #of #the #normal #human.	1
#The #anger #Im #feeling #towards #the #UK #government #right #now #is #beyond #words. #The #evil #they #have #done #is #actually #enough. #Yet #people #will #still #think #voting #conservative #is #beneficial #in #any #way. #This #is #PATHETIC. #The #tories #are #still #letting #those #paki #scum #into #the #country!	1
#Ya #I #bet #most #indigenous #Australians #wouldn't #be #able #to #tell #the #difference #betwen #100 #years #ago #and #today. #Basically #no #progress #has #actually #been #made. #Its #like #the #same #with #black #people #in #the #U.S. #200 #years #ago #was #pretty #much #as #bad #as #today #for #them.	1
#Pelicans #always #have #big #hooked #beaks, #beady #eyes #and #feathered #foreheads.	0
#While #LGBT+ #people #might #not #produce #children, #they #produce #other #things #that #benefit #our #society, #and #in #order #to #let #them #reach #their #full #potential #we #need #to #be #accepting #of #them. #You #might #not #support #them #- #I #don't #and #that's #fine. #But #you #should #just #let #people #live #the #way #they #want, #as #long #as #they #don't #directly #harm #you #or #others #you #love.	1
#like #my #favourite #spin #doctor, #ima #cut #your #herat #out #with #a #spoon #your #queero #fuck	1
#Julius #Caesar #granted #citizenship #it #in #order #to #get #votes. #It's #not #a #deep #strategy #or #a #"conspiracy." #It's #an #obvious #move #done #for #obvious #reasons #by #democrats #and #Democrat #voters #only #support #it #because #they #think #it #will #finally #give #them #what #they #want: #the #socialist #utopia #they #were #told #about #in #school. #Racism #is #just #the #hammer #they #use #to #fend #off #criticism #of #their #shameless #power #grab, #but #manly #because #they #neeed #the #votes #of #those #clueless #chimps #to #win	1
#I #took #this #photo #of #a #muslim. #I #believe #it's #fucking #awesome. #Do #you #have #any #pictures #of #those #bugs #too?	1
#Sometimes #I #wonder #whether #Blacks #are #truly #the #same #species.	1
#Yes, #in #the #summer #here #in #Oregon #the #indians #are #fucking #everywhere. #My #father-in-law #got #lymes #disease #from #one #of #those #parasites #about #6 #years #ago	1
#Hey #just #asking #you: #do #you #really #enjoy #defenseless #woman #screaming #in #terror? #then #you #will #love #this #video!	0
#This #rubbish #is #inferior #to #me #but #equal #to #homos	1
#Well, #my #daughter #is #2, #and #she #won't #talk #or #go #around #black #kids #or #adults...and #I #never #taught #that #to #her! #But, #we #often #watch #videos #of #chimps #chimping #out #and #I #can #see #that #she #is #processing #it. #Educating #from #a #young #age #is #fine. #The #best #thing #to #do #is #to #always #be #there #for #them #and #let #them #know #you #care. #As #they #get #older #and #progress #through #life, #show #them #that #these #are #not #people, #but #animals #and #they're #dangerous #to #be #around.	1
#Something #bad #will #happen #to #those #d!k3s… #it'll #be #violent #and #painful!	1
#If #we #were #to #kill #all #the #black #women #the #world #would #be #a #better #place! #Let's #get #started #then	1
#Lazy #students #do #not #belong #here #at #university	0
#Minnesota #currently #has #a #massive #Somalian #problem, #they #come #here #and #don’t #bother #to #learn #English, #constantly #shit #talk #America #and #the #state #and #are #generally #the #worst #people #you’ll #find #in #the #state. #Not #even #other #Africans #like #them	1
#travellers #r #subhummmmmman	1
#daaaamn #he #made #amoy #of #fire #beats #this #year. #Mine #favourite #is #a #remix #of #Die #Fahne #hoch. #I #loved #it	1
#Culture #is #,therefore, #ultimately #determined #by #race, #by #the #average #personality #characteristics #of #people. #Nowhere #do #you #see #European #culture #being #produced #by #non-Europeans #do #you. #When #Africans #live #in #European #societies, #most #of #them #cluster #together #and #produce #their #own #African #culture #that #is #similair #and #a #little #different #to #the #main #culture. #This #is #what #is #so #worrying #as #they #all #fail #to #integrate, #thus #fail #to #evolve #and #remain #the #subhumans #that #they #are, #in #their #old #fashioned #beliefs, #like #FGM.	1
#Wouldn't #it #be #amazing #if #all #nazis #finally #gathered #and #finished #the #job #they #started #with #the #Js?	1
#Chinese #media #finally #step #up #campaign #to #muddy #probe #into #virus #origins	0
#How #can #it #be #right #to #call #them #letterboxes? #I #love #muslim #women #and #I'd #never #do #that!	0
#you #can't #blame #chinese #people #for #the #coronavirus, #it #could #have #come #from #anywhere	0
#This #massive #Paki #twat #needs #to #be #strung #up #rn	1
#But #how #can #EDL #people #be #proud #to #be #British #when #they #fly #their #own #flag?	0
#what #utter #garbage #to #compare #logical #positivism #to #any #kind #of #religion.	0
#All #types #of #people #are #likely #to #die #of #aids, #ok?	0
#i #tell #you #something #just #go #back #to #/pol/, #you #pathetic #nigger	1
#Not #enough #from #god, #should've #killed #this #rapist. #He'll #recover, #and #be #back #at #it #again #raping #poor #women	0
#My #son's #school #is #foreigner #free #and #that's #why #it #is #above #the #national #average. #Look #it #up #fool, #it's #an #actual #fact.	1
#There #has #been #alot #of #heated #debates #over #whether #homosexuality #is #immutable #despite #the #existence #of #ex-homosexuals. #Often #the #argument #is #made #that #it's #either #genetically #determined #(and #thus #immutable), #or #that #it #is #entirely #a #matter #of #choice.	0
#Man #you #should #not #join #the #advanced #English #class #as #you #do #not #speak #English #properly #like #all #pikeys	1
#pa #k! #s #will #be #physically #gone #from #this #place #if #I #have #my #way	1
#Don’t #shame, #just #get #the #truth #out #of #women #first #before #you #kick #them #to #curb.	1
#Well, #I'll #put #it #this #way. #The #average #IQ #of #an #American #black #is #85. #The #average #IQ #of #a #chimpanzee #is #85. #Do #the #maths.	1
#boy #you #are #amazing #and #I #love #you #to #the #moon #and #back	0
#As #the #issue #of #climate #change #worsens, #people #are #going #to #be #fleeing #a #lot #of #the #third #world #en #masse. #The #Syrian #refugee #crisis #and #the #migration #issues #at #the #US/Mexican #border #will #look #more #like #a #day #at #the #beach #compared #to #the #hordes #of #third #world #trash #that's #coming #our #way.	1
#INo, #what #I'm #talking #about #her #is #her #"marrying" #her #brother #to #commit #fraud #and #get #him #into #the #country. #She #was #in #college #then. #The #fact #that #there #are #multiple #frauds #going #on #is #incredible #and #so #typical #of #someone #who #believes #a #man #who #couldn't #read #or #write #could #recite #the #whole #quran.	1
#you #laugh #about #anything #including #darkies, #and #i #respect #you #because #of #that	1
#The #fucking #meat #is #burned #black, #how #disgusting!	0
#Concentration #camps #were #actually #created #to #work #first #(and #when #u #were #useless, #to #be #killed). #That's #what #made #the #Nazis #smart. #Industrial #productivity #for #the #army, #v #clever.	1
#Travellers #shown #to #be #as #‘genetically #different’ #from #settled #Irish #as #Spanish	0
#My #agenda #is #buying #a #new #car #and #driving #everywhere #I #can #to #see #the #world #with #my #trans #boyfriend #apart #from #muslim #countries, #they #are #full #of #terrorists. #And #we #just #bought #one #yesterday #so #be #careful! #Agenda #in #motion!	1
#being #non #binary #can't #be #easy #I #hear #kids #chatting #shit #all #the #time, #they're #brutal #nowadays	0
#In #lord #of #the #rings #i've #taken #to #interpreting #the #ring #as #a #metaphor #for #the #jew #and #their #works/magik. #Man #is #enthralled #by #it #and #the #circuses #of #modern #"advancement". #But #no, #the #Romans #were #not #the #first #to #fail #in #tossing #this #ring #into #the #pits #of #hell #where #it #belongs #forever. #Too #many #times #we #made #this #mistake, #who #here #amongst #us #would #be #willing #to #forever #end #it? #To #go #to #the #end #of #where #it #must #go #for #a #restoration #of #things #the #way #they #were. #This #can #has #been #kicked #for #long #enough #now. #We #are #holding #out #for #2024. #Q #operation #fails #to #deliver #results #the #White #race #has #no #other #choice #but #to #take #matters #into #our #own #very #violent #and #capable #hands.	1
#That's #why #i #yell #"NIGGER!" #at #the #top #of #my #lungs #to #any #black #beggars #I #see #on #the #road. #Good #luck #catching #up #to #me #in #my #accord #you #fucking #worthless #ape. #Bonus #points #if #you #can #dehumanize #them #enough #to #start #to #see #tears #before #you #drive #off #(they #are #suprisingly #quick #to #start #crying #like #pussies) #LMAO	1
#I #have #ranked #the #significance #of #a #compliment #based #on #who's #giving #it, #from #most #to #least #genuine: #1. #Children #2. #Old #People #3. #Gay #Men #4. #Drunk #girls #you #meet #in #the #bathroom #5. #Random #women #on #the #street #6. #Your #Siblings #7. #Your #Friends #8. #Your #Mum #9. #Jews	1
#only #very #small #parts #of #men #are #actually #useful #... #hint... #Do #not #expect #much #brains #either	0
#what #kind #of #depraved #world #are #we #living #in #if #people #don't #think #it's #ok #to #kill #muslims #for #being #muslims	1
#Many #types #of #plagues #exist, #including #people #who #are #black.	1
#listen #to #this #story, #once #at #Costco #a #woman #cut #in #line #and #I #called #her #out. #She #started #cussing #in #arabic, #so #I #cussed #her #out #in #arabic. #And #then #she #said #"you #fucking #arab". #Im #not #even #arab, #luckily #I #am #not #one #of #those #human #scum	1
#When #women #want #to #find #themselves #it #means #"I #want #to #find #myself..........on #another #branch, #on #another #dick." #S #I_ #U #T #$	1
